Symbol,Description,Market capitalization,Total assets Quarterly,Total liabilities Quarterly,Total current assets Quarterly,Total current liabilities Quarterly,Cash and equivalents Quarterly,Cash and short-term investments Quarterly,Short-term debt Quarterly,Long-term debt Quarterly,Gross profit Trailing 12 months,EBITDA Trailing 12 months,Cash flow from operating activities Trailing 12 months,Capital expenditures Trailing 12 months,Total cash dividends paid Annual
NVDA,NVIDIA Corporation,4.85815E+12,2.59474E+11,64000000000,1.50995E+11,43884000000,13237000000,80572000000,1466000000,11348000000,1.87952E+11,1.65513E+11,1.25648E+11,6572000000,974000000
AAPL,Apple Inc.,4.53707E+12,3.83266E+11,2.75746E+11,1.49818E+11,1.49326E+11,39544000000,62399000000,13004000000,71340000000,2.36903E+11,1.67959E+11,1.46724E+11,10041000000,15421000000
GOOG,Alphabet Inc.,4.36169E+12,9.21983E+11,2.81503E+11,3.43524E+11,1.26111E+11,55911000000,2.42474E+11,2451446000,1.14897E+11,2.71966E+11,1.77359E+11,1.85675E+11,1.32402E+11,10049000000
MSFT,Microsoft Corporation,3.4508E+12,7.58376E+11,3.15989E+11,2.0771E+11,1.68825E+11,20935000000,76843000000,18910000000,1.09903E+11,2.25465E+11,1.98685E+11,1.82935E+11,1.15948E+11,26445000000
AMZN,Amazon.com Inc.,2.92142E+12,1.09569E+12,5.44069E+11,2.49264E+11,2.41274E+11,78213000000,1.22988E+11,,2.23232E+11,3.9381E+11,1.73581E+11,1.61403E+11,1.73028E+11,0
AVGO,Broadcom Inc.,1.85203E+12,1.79158E+11,91467000000,42213000000,18862000000,19628000000,19628000000,2252000000,62655000000,49554000000,42063000000,33622000000,860000000,11142000000
SPCX,Space Exploration Technologies Corp,1.43776E+12,1.02094E+11,60512000000,29732000000,24436000000,15919000000,23742000000,1876000000,28727000000,,,,,0
META,Meta Platforms Inc.,1.41296E+12,4.49956E+11,1.88735E+11,1.25475E+11,56379000000,16164000000,90962000000,2425000000,1.09893E+11,1.86588E+11,1.0966E+11,1.30301E+11,89325000000,5324000000
TSLA,Tesla Inc.,1.22914E+12,1.48524E+11,61005000000,68758000000,35425000000,15715000000,44020000000,2440000000,13640000000,19534000000,11249000000,18685000000,12930000000,0
LLY,Eli Lilly and Company,1.08191E+12,1.16576E+11,85378000000,54835000000,36634000000,5136000000,5282000000,4000000000,39370000000,59844400000,36214100000,20480400000,10112500000,5384000000
BRK.A,Berkshire Hathaway Inc.,9.91672E+11,1.25227E+12,5.22821E+11,5.04766E+11,77322000000,58122000000,3.97383E+11,19472000000,1.26643E+11,88985000000,74328000000,45504000000,21632000000,0
JPM,JP Morgan Chase & Co.,9.42625E+11,5.01507E+12,4.64047E+12,2.36045E+12,1.7204E+12,,,7.77348E+11,4.60523E+11,,,,,16625000000
MU,Micron Technology Inc.,9.29524E+11,1.34112E+11,33388000000,66737000000,19488000000,18842000000,26049000000,582000000,5794000000,65539000000,68364000000,51432000000,25260000000,522000000
WMT,Walmart Inc.,8.84938E+11,2.89607E+11,1.88632E+11,88394000000,1.14583E+11,10729000000,10729000000,17082000000,57097000000,1.81155E+11,44838000000,40892000000,28340000000,7507000000
AMD,Advanced Micro Devices Inc.,7.7641E+11,79642000000,15180000000,28628000000,10506000000,5504000000,12358000000,874000000,2997000000,17636000000,7420000000,9725000000,1151000000,0
V,Visa Inc.,6.51419E+11,94590000000,59412000000,31002000000,31467000000,14458000000,15891000000,2996000000,20862000000,34329000000,31168000000,22580000000,1567000000,4634000000
XOM,ExxonMobil Holdings Corporation,6.44214E+11,4.6441E+11,2.03414E+11,97787000000,94378000000,8435000000,8435000000,14531000000,33130000000,68908000000,59830000000,47722000000,28930000000,17231000000
JNJ,Johnson & Johnson,6.17777E+11,2.01061E+11,1.1609E+11,59774000000,54895000000,20422000000,20758000000,11692000000,37344000000,66632000000,34183000000,27608000000,4995000000,12381000000
MA,Mastercard Incorporated,5.06641E+11,57691000000,52085000000,26522000000,25004000000,11779000000,12097000000,2459000000,22184000000,33939000000,21992000000,17225000000,1462000000,2756000000
CSCO,Cisco Systems Inc.,4.57167E+11,1.25546E+11,76685000000,36559000000,39541000000,7083000000,16640000000,12342000000,20659000000,38592000000,17081000000,13025000000,1237000000,6437000000
INTC,Intel Corporation,4.54969E+11,2.02439E+11,99296000000,57213000000,35670000000,13044000000,29897000000,1988000000,48549000000,22270000000,16957000000,14936000000,14592000000,0
ABBV,AbbVie Inc.,4.43359E+11,1.36463E+11,1.43075E+11,33529000000,42100000000,9391000000,9391000000,8326000000,64532000000,44339000000,29193000000,21224000000,1244000000,11657000000
BAC,Bank of America Corporation,4.39634E+11,3.49896E+12,3.19786E+12,1.11674E+12,1.0597E+12,,,3.92197E+11,3.39863E+11,,,,,9563000000
COST,Costco Wholesale Corporation,4.22143E+11,86430000000,52921000000,45177000000,42125000000,18946000000,19996000000,96000000,8136000000,37802000000,13790000000,15000000000,6194000000,2183000000
AMAT,Applied Materials Inc.,4.03069E+11,40286000000,16377000000,22571000000,8998000000,6301000000,8241000000,1313000000,5955000000,14209000000,9234000000,7993000000,2650000000,1384000000
CVX,Chevron Corporation,3.92006E+11,3.29551E+11,1.4018E+11,46160000000,42176000000,5522000000,5526000000,5828000000,39600000000,28608000000,40178000000,31264000000,17293000000,12751000000
KO,Coca-Cola Company (The),3.7686E+11,1.07922E+11,69607000000,32876000000,25200000000,12907000000,16371000000,6542000000,37001000000,31325000000,17179000000,16342000000,2045000000,8779000000
UNH,UnitedHealth Group Incorporated,3.76335E+11,3.09727E+11,2.03778E+11,86860000000,1.1182E+11,31468000000,,3827000000,69501000000,,,27017000000,3400000000,7916000000
CAT,Caterpillar Inc.,3.75332E+11,95550000000,76890000000,48568000000,35902000000,4072000000,4072000000,12424000000,30642000000,22569000000,14430000000,12320000000,4419000000,2749000000
ORCL,Oracle Corporation,3.74087E+11,2.61759E+11,2.18703E+11,46567000000,41764000000,31289000000,31894000000,11361000000,1.56071E+11,42665000000,31737000000,31977000000,55663000000,5787000000
GE,GE Aerospace,3.73595E+11,1.28105E+11,1.10239E+11,39697000000,40430000000,9345000000,9345000000,2287000000,17943000000,17842000000,10611000000,9800000000,1404000000,1452000000
LRCX,Lam Research Corporation,3.66442E+11,23529743000,11058822000,15610705000,5937249000,5579171000,5579171000,4073000,3730490000,11724960000,8641328000,5857657000,966405000,1270635000
PG,Procter & Gamble Company (The),3.36459E+11,1.26521E+11,72210000000,26208000000,38694000000,9942000000,9942000000,11296000000,22842000000,46435000000,23635000000,19557000000,4409000000,10232000000
MS,Morgan Stanley,3.31892E+11,1.67506E+12,,,34304000000,,,34304000000,3.83155E+11,,,,,6593000000
HD,Home Depot Inc. (The),3.31003E+11,1.07904E+11,94030000000,37172000000,35580000000,1601000000,1601000000,10165000000,52992000000,51869000000,24946000000,18032000000,3717000000,9152000000
MRK,Merck & Company Inc.,3.21571E+11,1.28685E+11,82754000000,35015000000,26945000000,5398000000,5773000000,2444000000,46673000000,48110000000,24118000000,17890000000,3775000000,8176000000
GS,Goldman Sachs Group Inc. (The),3.0043E+11,2.128E+12,2.005E+12,1.572E+12,1.072E+12,,,4.48E+11,3.48E+11,,,,,5277000000
NFLX,Netflix Inc.,2.98596E+11,58450441000,28298389000,13853303000,12134898000,8306367000,9131321000,2915161000,13724566000,24156820000,32421250000,11970833000,818828000,0
PM,Philip Morris International Inc,2.97415E+11,68271000000,74928000000,26006000000,26542000000,6037000000,6037000000,6747000000,42366000000,27731000000,17892000000,14264000000,1542000000,8624000000
PLTR,Palantir Technologies Inc.,2.95013E+11,10199183000,1642902000,9551704000,1382949000,2301384000,8036166000,0,211977000,4392169000,2018253000,2723375000,35099000,0
RTX,RTX Corporation,2.90065E+11,1.73972E+11,1.05828E+11,63912000000,63245000000,8305000000,8305000000,5525000000,33331000000,19024000000,14390000000,14206000000,3454000000,3574000000
BABA,Alibaba Group Holding Limited,2.73266E+11,2.76421E+11,1.13387E+11,87619061405,68961234475,25124924003,51957383978,4710633740,36070177470,56600774328,14004926360,10735362461,17880344623,4749005764
PANW,Palo Alto Networks Inc.,2.70441E+11,46266000000,18598000000,7259000000,9006000000,2370000000,3117000000,160000000,1911000000,7535300000,1798400000,4216800000,423300000,0
GEV,GE Vernova Inc.,2.63747E+11,80800000000,67685000000,46703000000,55830000000,13120000000,13120000000,55000000,2794000000,8331000000,3404000000,14139000000,1701000000,275000000
DELL,Dell Technologies Inc.,2.62794E+11,1.14913E+11,1.16317E+11,70607000000,74598000000,11753000000,11753000000,7800000000,24106000000,25619000000,14550000000,12470000000,3028000000,1459000000
WFC,Wells Fargo & Company,2.61425E+11,2.2822E+12,2.09988E+12,6.86597E+11,7.16603E+11,,,2.89856E+11,1.73393E+11,,,6857000000,0,6484000000
ARM,Arm Holdings plc,2.56999E+11,11196000000,2566000000,6339000000,1207000000,3058000000,3888000000,62000000,423000000,4840500000,1154000000,2094000000,622000000,0
TXN,Texas Instruments Incorporated,2.51819E+11,35882000000,17875000000,15757000000,3244000000,3660000000,7001000000,1149000000,12903000000,11346000000,9609000000,8667000000,3312000000,4999000000
KLAC,KLA Corporation,2.38813E+11,17951535000,11601715000,12381790000,4304927000,1649842000,4902408000,,5887415000,8174774000,6064358000,,,
C,Citigroup Inc.,2.2714E+11,2.89465E+12,2.6802E+12,1.48878E+12,9.89503E+11,,,4.80104E+11,3.33749E+11,,,,,5372000000
ANET,Arista Networks Inc.,2.27097E+11,21656500000,8169400000,18556700000,6560100000,2789500000,12353200000,0,0,6169400000,4237500000,5423700000,145600000,0
AXP,American Express Company,2.27073E+11,3.08203E+11,2.73923E+11,,17473000000,44922000000,45243000000,2032000000,57017000000,50238000000,24519000000,18616000000,3424000000,2271000000
LIN,Linde plc,2.21298E+11,,,,,,,,,,,,,2811000000
TMO,Thermo Fisher Scientific Inc,2.13422E+11,1.13174E+11,60366000000,23365000000,15069000000,4064000000,4064000000,3368000000,39181000000,18172000000,11704000000,9012000000,1695000000,636000000
IBM,International Business Machines Corporation,2.10708E+11,1.52099E+11,1.17558E+11,27160000000,35912000000,7217000000,8177000000,6545000000,58727000000,39774000000,19653000000,14888000000,1744000000,6255000000
AMGN,Amgen Inc.,2.07874E+11,92504000000,83314000000,31475000000,24955000000,12038000000,12038000000,5437000000,51886000000,26675000000,16738000000,10756000000,2159000000,5124000000
APH,Amphenol Corporation,1.97699E+11,44806600000,29184500000,17816800000,9438000000,4729400000,5419100000,1634300000,17177000000,11300600000,9465100000,5871700000,1158000000,802200000
VZ,Verizon Communications Inc.,1.95458E+11,4.10186E+11,3.0499E+11,37571000000,62211000000,1752000000,1752000000,26618000000,1.6184E+11,63482000000,50217000000,38799000000,18639000000,11481000000
CRWD,CrowdStrike Holdings Inc.,1.94345E+11,11270100000,6594768000,5947751000,4115862000,4592008000,4592008000,19894000,801449000,3815293000,195729000,1819179000,387866000,0
MCD,McDonalds Corporation,1.92291E+11,60037000000,61323000000,4709000000,4146000000,1170000000,1170000000,707000000,54174000000,15730000000,14861000000,10535000000,3496000000,5115000000
STX,Seagate Technology Holdings PLC,1.91969E+11,9972000000,7805000000,5221000000,3127000000,1704000000,1704000000,185000000,3380000000,5558000000,4502000000,3674000000,569000000,634000000
PEP,PepsiCo Inc.,1.90484E+11,1.12189E+11,89919000000,32775000000,35106000000,10251000000,10716000000,10602000000,42612000000,52311000000,19426000000,13456000000,4174000000,7638000000
WDC,Western Digital Corporation,1.87797E+11,15045000000,5365000000,6911000000,4637000000,2050000000,3237000000,1613000000,111000000,5347000000,4035000000,3286000000,381000000,44000000
TMUS,T-Mobile US Inc.,1.85261E+11,2.13553E+11,1.57288E+11,21769000000,23554000000,3092000000,3092000000,10915000000,1.08524E+11,42948000000,33927000000,28833000000,13002000000,4121000000
SCHW,Charles Schwab Corporation (The),1.83027E+11,5.173E+11,4.671E+11,,1.822E+11,,73600000000,14400000000,22700000000,25249000000,16219000000,,,2329000000
ABT,Abbott Laboratories,1.82902E+11,1.09215E+11,57453000000,24517000000,17814000000,5104000000,5603000000,3005000000,29603000000,24600000000,11106000000,9905000000,2081000000,4116000000
NEE,NextEra Energy Inc.,1.81313E+11,2.32807E+11,1.64648E+11,15467000000,28974000000,3222000000,3222000000,11407000000,98790000000,10054000000,14760000000,13803000000,10755000000,4680000000
SNDK,Sandisk Corporation,1.79904E+11,17075000000,3298000000,9168000000,1917000000,3735000000,3735000000,25000000,182000000,7388000000,5630000000,4639000000,179000000,0
ADI,Analog Devices Inc.,1.78961E+11,47949095000,14207062000,7809773000,4456907000,2436916000,3439308000,1449425000,7235424000,7468751000,6164169000,5106471000,541321000,1924413000
BLK,BlackRock Inc.,1.773E+11,,,,,,,,,22612000000,,,,3347000000
TJX,TJX Companies Inc. (The),1.73814E+11,36158000000,25755000000,14640000000,12855000000,5580000000,5580000000,2713000000,11467000000,19268000000,8739000000,7599000000,2122000000,1842000000
UNP,Union Pacific Corporation,1.73547E+11,71211000000,50538000000,5533000000,5612000000,1616000000,2116000000,1521000000,29648000000,11554000000,12684000000,10263000000,3759000000,3236000000
BA,Boeing Company (The),1.70831E+11,1.6587E+11,1.59755E+11,1.2463E+11,1.09563E+11,7239000000,20022000000,4565000000,41335000000,4422999998,-2859000000,3639000000,3849000000,331000000
WELL,Welltower Inc.,1.68971E+11,69875180000,22211608000,,188570000,2097164000,2097164000,188570000,19532234000,2582213000,3139913000,3678180000,1166160000,1877959000
DIS,Walt Disney Company (The),1.67035E+11,2.05217E+11,89905000000,23432000000,36223000000,5682000000,5682000000,8887000000,38471000000,30800000000,19463000000,15792000000,8682000000,1803000000
MRVL,Marvell Technology Inc.,1.64259E+11,26944500000,8728700000,7464000000,2276800000,3176400000,3843600000,154500000,5367900000,4414300000,2711500000,2056400000,394900000,205100000
GILD,Gilead Sciences Inc.,1.61665E+11,56278000000,32847000000,18640000000,9476000000,7628000000,9817000000,1313000000,20861000000,23652000000,14768000000,10806000000,576000000,4003000000
ETN,Eaton Corporation PLC,1.61222E+11,55085000000,35320000000,14005000000,11741000000,565000000,751000000,2594000000,19239000000,10521000000,6662000000,4741000000,965000000,1626000000
DE,Deere & Company,1.59984E+11,1.07001E+11,79541000000,27676000000,35214000000,7905000000,9335000000,21901000000,42261000000,17461000000,11999000000,7933000000,4165000000,1720000000
T,AT&T Inc.,1.59318E+11,4.28359E+11,2.9992E+11,46531000000,53382000000,17882000000,18461000000,9323000000,1.53565E+11,55612000000,47388000000,39899000000,22245000000,8180000000
BX,Blackstone Inc.,1.58897E+11,49892220000,27458992000,,13431676000,2773303000,2773303000,,14027316000,16481326000,8634622000,,,6013385000
QCOM,QUALCOMM Incorporated,1.54991E+11,57367000000,29709000000,23004000000,11413000000,4533000000,8304000000,2489000000,12781000000,23897000000,11928000000,12401000000,1985000000,3805000000
SCCO,Southern Copper Corporation,1.5244E+11,24127700000,11419100000,10787500000,2132000000,5665000000,7329900000,0,8528800000,9127600000,9891300000,6736900000,1636500000,2485100000
SHOP,Shopify Inc.,1.5202E+11,14167441230,1625327866,8522938407,1375508953,1854077713,5761887613,16052620.9,163536075.4,5874176501,2124156561,2137993256,26922630.48,0
CRM,Salesforce Inc.,1.50712E+11,1.0668E+11,72445000000,19548000000,27502000000,7542000000,11837000000,795000000,41753000000,32175000000,13139000000,15221000000,560000000,1587000000
BKNG,Booking Holdings Inc. Common Stock,1.49474E+11,27720000000,36444000000,20934000000,19811000000,16183000000,16183000000,3015000000,15928000000,26940000000,10436000000,9341000000,308000000,1248000000
IBKR,Interactive Brokers Group Inc.,1.4925E+11,2.47309E+11,2.25059E+11,,1.79649E+11,64305000000,1.13915E+11,13000000,45410000000,10900000000,,,,134000000
COP,ConocoPhillips,1.4678E+11,1.22725E+11,58184000000,16229000000,12586000000,5877000000,6363000000,1065000000,22262000000,13619000000,22408000000,17976000000,12123000000,3995000000
UBER,Uber Technologies Inc.,1.43225E+11,59885000000,34073000000,12823000000,11993000000,6238000000,6771000000,195000000,12224000000,18347000000,7505000000,10126000000,327000000,0
PFE,Pfizer Inc.,1.42543E+11,2.07618E+11,1.17214E+11,42823000000,34348000000,1703000000,13075000000,3890000000,60565000000,41253000000,23732000000,11985000000,2501000000,9771000000
PLD,Prologis Inc.,1.3778E+11,1.01012E+11,42892357000,,2529638000,1765043000,1765043000,1070642000,36021843000,4090692000,6283444000,5240975000,866106000,3764745000
DHR,Danaher Corporation,1.37068E+11,92367000000,39775000000,13381000000,8105000000,4348000000,4348000000,2711000000,25147000000,14806000000,7852000000,6635000000,1169000000,878000000
CB,Chubb Limited,1.35292E+11,2.56022E+11,1.75177E+11,39120000000,84631000000,2753000000,,4031000000,19113000000,,,17079000000,0,1505000000
LMT,Lockheed Martin Corporation,1.34491E+11,62450000000,53682000000,28401000000,23809000000,3791000000,3791000000,0,20538000000,9751000000,10775000000,10402000000,1673000000,3131000000
BMY,Bristol-Myers Squibb Company,1.33368E+11,87634000000,65315000000,28579000000,18659000000,8722000000,11067000000,1234000000,43819000000,32784000000,19196000000,12782000000,1342000000,5045000000
CVS,CVS Health Corporation,1.33245E+11,2.52974E+11,1.75337E+11,74817000000,86406000000,9556000000,11816000000,4484000000,73861000000,56629000000,17865000000,10332000000,2938000000,3397000000
APP,Applovin Corporation,1.32999E+11,7707705000,5344222000,4847575000,1494382000,2758671000,2758671000,0,3514022000,5391588000,4925571000,4430775000,28318000,0
COF,Capital One Financial Corporation,1.28224E+11,6.82905E+11,5.70644E+11,82792000000,30389000000,,,1626000000,50262000000,,,29074000000,1783000000,1768000000
SYK,Stryker Corporation,1.24861E+11,47930000000,23942000000,14418000000,6684000000,3391000000,3476000000,,14192000000,17346000000,8383000000,5525000000,823000000,1284000000
ISRG,Intuitive Surgical Inc.,1.24824E+11,20876600000,2578900000,9542700000,1922900000,2790700000,5246500000,0,0,7355500000,4185200000,3706400000,483800000,0
PDD,PDD Holdings Inc.,1.24462E+11,92311166440,31017775976,77669291567,30636345213,28843113980,74155930633,362178280.9,379259430.8,34885597732,,15096600304,,0
PGR,Progressive Corporation (The),1.2354E+11,1.21006E+11,86673000000,19084000000,41648000000,,,,8387000000,,,,,2871000000
PH,Parker-Hannifin Corporation,1.23127E+11,30679000000,16062000000,7608000000,6737000000,476000000,476000000,2813000000,6769000000,7857228000,5405774000,4095239000,416847000,861000000
SPGI,S&P Global Inc.,1.21437E+11,62906000000,26266000000,8709000000,9125000000,4141000000,4141000000,2698000000,13050000000,10225000000,8392000000,5729000000,156000000,1170000000
VRTX,Vertex Pharmaceuticals Incorporated,1.21091E+11,26484400000,7122500000,11730300000,3880600000,5504900000,7258700000,0,1986500000,10659800000,5132700000,4240600000,530300000,0
SBUX,Starbucks Corporation,1.19985E+11,28294700000,35961800000,7534200000,9916900000,3449800000,3610300000,2769700000,19664400000,6334800000,5503900000,4985900000,1343800000,2771400000
GLW,Corning Incorporated,1.19087E+11,32956000000,19829000000,10917000000,6021000000,2511000000,2511000000,758000000,8621000000,6029000000,4224000000,3915000000,1520000000,999000000
FTNT,Fortinet Inc.,1.18652E+11,10859200000,9308100000,6208300000,4840800000,2934900000,4069600000,0,496900000,6037300000,2595800000,3396100000,279100000,0
LOW,Lowes Companies Inc.,1.16521E+11,54941000000,64211000000,22162000000,20274000000,786000000,1244000000,1852000000,40688000000,27379000000,12543000000,9835000000,2216000000,2636000000
NOW,ServiceNow Inc.,1.15012E+11,31666000000,19150000000,7920000000,12153000000,2512000000,4673000000,2196000000,6257000000,11015000000,2983000000,5308000000,737000000,0
MO,Altria Group Inc.,1.14104E+11,33374000000,35992000000,4022000000,7770000000,2367000000,2367000000,1684000000,22893000000,16984000000,14884000000,9408000000,296000000,6960000000
HWM,Howmet Aerospace Inc.,1.12934E+11,13067000000,7545000000,5657000000,2315000000,2436000000,2436000000,680000000,4168000000,2734000000,2588000000,2084000000,428000000,181000000
MDT,Medtronic plc.,1.09303E+11,93028000000,42956000000,24787000000,11658000000,1949000000,9220000000,1986000000,27162000000,21917000000,9984000000,7330000000,1904000000,3639000000
BNY,The Bank of New York Mellon Corporation,1.07302E+11,5.25019E+11,4.79671E+11,2.26405E+11,62364000000,,,57065000000,30368000000,,,,,1685000000
SO,Southern Company (The),1.06575E+11,1.62027E+11,1.19685E+11,12378000000,15734000000,2989000000,2989000000,7033000000,70054000000,8818000000,13643000000,10651000000,14839000000,3015000000
ADP,Automatic Data Processing Inc.,1.06513E+11,63193300000,57162100000,52561100000,50024900000,4230100000,4230100000,0,5270800000,11145600000,6340000000,5441200000,665100000,2626300000
GD,General Dynamics Corporation,1.03737E+11,60163000000,33337000000,27038000000,18765000000,4333000000,4333000000,1586000000,7893000000,8435000000,6604000000,7705000000,1258000000,1593000000
SPOT,Spotify Technology S.A.,1.02929E+11,15126081600,5896959600,11129099800,5401513600,6054811000,10077141200,71436400,477010800,6545598398,2909770170,3888963055,71310589.92,0
SNOW,Snowflake Inc.,1.01651E+11,8554256000,6614534000,3764221000,3777291000,2084715000,2954998000,55783000,2716312000,3325718000,-1048463000,1236792000,70191000,0
ACN,Accenture plc,1.01533E+11,68806561000,35298848000,28938345000,21609107000,10165245000,10171567000,863738000,7525032000,23194150000,13045990000,13182094000,600406000,3696677000
EQIX,Equinix Inc.,1.00574E+11,41076000000,26678000000,,3820000000,980000000,2225000000,1511000000,21845000000,3107000000,3333000000,3942000000,5406000000,1856000000
MCK,McKesson Corporation,1.00241E+11,82323000000,83157000000,57210000000,67017000000,4068000000,4068000000,1554000000,7060000000,13728000000,7097000000,6155000000,745000000,381000000
PWR,Quanta Services Inc.,1.00144E+11,28291820000,18549877000,11859754000,10798457000,510177000,510177000,808398000,5794737000,4500584000,3140286000,3178249000,787091000,60416000
TT,Trane Technologies plc,1.001E+11,23925600000,15280500000,9006800000,8390900000,1318300000,1318300000,693100000,3923700000,7859900000,4414900000,3930154545,333902230.2,837300000
PNC,PNC Financial Services Group Inc. (The),99698132691,6.16034E+11,5.51973E+11,28745000000,99356000000,,,,85723000000,,,,,2943000000
ADBE,Adobe Inc.,99537972549,29933000000,18415000000,9068000000,12078000000,4919000000,5626000000,1934000000,5131000000,22380000000,10018000000,10481000000,202000000,0
NET,Cloudflare Inc.,99072147676,6163977000,4637269000,4715656000,2410671000,768181000,4174833000,1366874000,2157662000,1706839000,101550000,615660000,323891000,0
NEM,Newmont Corporation,98741503957,57641000000,22227000000,13306000000,5226000000,9010000000,9010000000,132000000,5466000000,14270000000,16435000000,12628000000,2895000000,1106000000
MAR,Marriott International,98311034482,27857000000,31949000000,,8516000000,454000000,454000000,1210000000,16196000000,5197000000,4474000000,3423000000,599000000,718000000
USB,U.S. Bancorp,98169582381,7.25918E+11,6.58023E+11,66515000000,1.23128E+11,,,37337000000,58671000000,,,,,3502000000
DUK,Duke Energy Corporation (Holding Company),97784747689,1.98048E+11,1.4157E+11,13446000000,20334000000,2218000000,2218000000,9768000000,81441000000,10202000000,15082000000,11687000000,14964000000,3300000000
CME,CME Group Inc.,96291727487,1.94677E+11,1.68156E+11,,1.58717E+11,2148600000,2280000000,63900000,3804600000,5597600000,4741500000,4309000000,96300000,3933000000
DDOG,Datadog Inc.,95386653033,6952012000,2963790000,5543519000,1655903000,426360000,4758617000,41401000,1243651000,2932374000,110690000,1113216000,153799000,0
MELI,MercadoLibre Inc.,95206771390,46934000000,39653000000,37123000000,31969000000,14119000000,17114000000,10093000000,6747000000,13949000000,3941000000,9728596283,1162907336,0
BN,Brookfield Corporation,94994820651,5.21322E+11,3.55135E+11,,68030004068,15079430754,19754756590,34350602140,2.33996E+11,19746676032,30169797202,9482207859,17737419417,731586478.7
CEG,Constellation Energy Corporation,94354054950,96911000000,63091000000,18009000000,13215000000,1171000000,1171000000,5472000000,16994000000,3756000000,6228000000,4555000000,3418000000,486000000
MNST,Monster Beverage Corporation,94260423854,10843533000,2116498000,5911611000,1815064000,2039700000,2984993000,0,0,4877582000,2697559000,2195563000,147663000,0
CDNS,Cadence Design Systems Inc.,93639131747,12080325000,5222362000,3221893000,1848842000,1440443000,1532035000,0,2482200000,4936473000,2155915000,1854868000,176173000,0
CSX,CSX Corporation,93364730063,44726000000,30638000000,3408000000,4154000000,1007000000,1390000000,1702000000,17655000000,5118000000,6772000000,5322000000,2526000000,972000000
VRT,Vertiv Holdings LLC,93001596985,15900900000,11143300000,9984900000,7243000000,2875600000,3175600000,82000000,3256200000,4101400000,2661600000,3354200000,430200000,66600000
VLO,Valero Energy Corporation,92910261115,64663000000,36395000000,30670000000,18742000000,7874000000,7902000000,927000000,10422000000,11751000000,13845000000,10908000000,1617000000,1405000000
MPC,Marathon Petroleum Corporation,92389176596,88187000000,64760000000,28698000000,24411000000,2151000000,2151000000,2620000000,31706000000,11570000000,11404000000,9438000000,3736000000,1140000000
ABNB,Airbnb Inc.,91321846987,26828000000,19192000000,23601000000,16364000000,7097000000,12065000000,59000000,2475000000,9201000000,2744000000,4565000000,25000000,0
KKR,KKR & Co. Inc.,91071253791,,,,,,,,,10125120000,5156576000,,,768538000
MMM,3M Company,90911550588,34924000000,31919000000,14112000000,11379000000,2955000000,3330000000,1809000000,11351000000,9931000000,6643000000,4899000000,914000000,1562000000
WM,Waste Management Inc.,90555474635,46441000000,36515000000,5397000000,5948000000,566000000,566000000,1075000000,22281000000,7481000000,7834000000,6517000000,2944000000,1334000000
MRSH,Marsh,90522203816,59682000000,44249000000,,21359000000,1700000000,1700000000,1997000000,20385000000,,7699000000,5078000000,311000000,1699000000
FCX,Freeport-McMoRan Inc.,90034369230,59727000000,27505000000,14165000000,6856000000,4358000000,4358000000,1220000000,9139000000,6279000000,7814000000,5900000000,4138000000,865000000
JCI,Johnson Controls International plc,88838053768,38759000000,25244000000,10950000000,11283000000,648000000,648000000,1176000000,8299000000,9150000000,4373000000,2032000000,373000000,976000000
UPS,United Parcel Service Inc.,88587648562,71267000000,56168000000,17545000000,14881000000,4653000000,4653000000,1363000000,27310000000,15335000000,11020000000,8867000000,3410000000,5398000000
CMI,Cummins Inc.,87512658801,34445000000,21073000000,17379000000,10167000000,2614000000,3182000000,1093000000,7147000000,8503000000,5012000000,3933000000,1262000000,1055000000
WMB,Williams Companies Inc. (The),87493302258,59569000000,44407000000,3320000000,4006000000,950000000,950000000,248000000,30054000000,5238000000,6960000000,6068000000,5346000000,2442000000
HCA,HCA Healthcare Inc.,87161338899,63250000000,66459000000,17190000000,17312000000,1013000000,1130000000,6264000000,45288000000,12073000000,15747000000,11124000000,5127000000,679000000
INTU,Intuit Inc.,86456835578,39330000000,18701000000,17837000000,12276000000,4681000000,6780000000,833000000,6067000000,16246000000,6585000000,7888000000,173000000,1189000000
ICE,Intercontinental Exchange Inc.,85601431159,1.74247E+11,1.44595E+11,,1.20576E+11,1694000000,2580000000,1218000000,19309000000,9009000000,7601000000,5514000000,873000000,1105000000
DASH,DoorDash Inc.,85470589747,19711000000,9501000000,8513000000,6026000000,4875000000,5833000000,105000000,3182000000,6627000000,1745000000,2390000000,638000000,0
RCL,Royal Caribbean Cruises Ltd.,85366461765,44644000000,34183000000,2115000000,11655000000,875000000,875000000,1644000000,21874000000,7303000000,6858000000,6786000000,7202000000,824000000
CMCSA,Comcast Corporation,85025331141,2.57548E+11,1.67593E+11,26335000000,33093000000,7661000000,7661000000,6117000000,84264000000,70912000000,34311000000,32517000000,14711000000,4894000000
PSX,Phillips 66,84869929203,84084000000,54403000000,27396000000,24191000000,5150000000,5150000000,8448000000,18676000000,9564000000,9403000000,2511000000,2392000000,1922000000
NTES,NetEase Inc.,84058623425,33495996786,8981729249,27309376828,8314345126,8007611100,25391101155,1585863177,0,10594766844,5682781650,7368374502,268593733.8,1923319315
EMR,Emerson Electric Company,83914177997,42088000000,21769000000,9251000000,10654000000,1791000000,1791000000,5948000000,8109000000,8803000000,5128000000,3558000000,443000000,1192000000
MCO,Moodys Corporation,82855416218,14675000000,11509000000,3836000000,3345000000,1467000000,1496000000,664000000,6858000000,5616000000,4249000000,3319000000,352000000,701000000
SHW,Sherwin-Williams Company (The),82744119134,26951400000,23096700000,6999200000,9627000000,293500000,293500000,4282700000,10749000000,11780200000,4761500000,3886700000,673500000,789800000
ITW,Illinois Tool Works Inc.,82555522055,16494000000,13599000000,6600000000,5953000000,839000000,839000000,3145000000,6549000000,7519000000,,,,1785000000
EPD,Enterprise Products Partners L.P.,82321869410,,,,,,,,33532000000,7421000000,9978000000,8899000000,,4678000000
CTAS,Cintas Corporation,81886693517,10888515000,5748628000,2480868000,2686959000,289018000,289018000,1055492000,1650465000,5513584000,3133382000,2269003000,395105000,701485000
ELV,Elevance Health Inc.,81508153840,1.26438E+11,81416000000,67184000000,44254000000,10232000000,,375000000,30669000000,,,7464000000,1175000000,1529000000
AMT,American Tower Corporation (REIT),80778837809,63300100000,53047600000,,8870500000,1892600000,1892600000,5870600000,39109300000,6000600000,7012800000,5774900000,1815100000,3157200000
ROST,Ross Stores Inc.,80538504801,15554572000,9249569000,7573419000,4914855000,4152117000,4152117000,976872000,3746278000,6679585000,3430965000,3453177000,820851000,528085000
REGN,Regeneron Pharmaceuticals Inc.,79940314094,41730600000,10019200000,18446000000,5530600000,2466000000,8004800000,720000000,1986600000,12654000000,4702400000,4681300000,1106100000,370300000
MDLZ,Mondelez International Inc.,79526752754,71247000000,44555000000,12938000000,21593000000,1759000000,1759000000,4990000000,17069000000,13892000000,7673000000,4436000000,1351000000,2487000000
EOG,EOG Resources Inc.,79196525553,53378000000,22470000000,8963000000,5224000000,3849000000,3849000000,402000000,7904000000,9627000000,12362000000,10721000000,6755000000,2161000000
ECL,Ecolab Inc.,78135492100,29927000000,19842600000,11019800000,5986600000,5135300000,5135300000,1271100000,12481800000,8209000000,,,,753600000
TRV,The Travelers Companies Inc.,78082139542,1.33897E+11,1.00776E+11,21569000000,63422000000,621000000,,100000000,8968000000,,,11026000000,0,979000000
GM,General Motors Company,77970345020,2.82742E+11,2.191E+11,1.10009E+11,96834000000,23133000000,27718000000,37012000000,90685000000,10643000000,15012000000,23203000000,22597000000,657000000
HOOD,Robinhood Markets Inc.,77919985600,56550000000,47009000000,,44576000000,5410000000,5894000000,25320000000,2369000000,4741000000,2298000000,-7806000000,67000000,0
BAM,Brookfield Asset Management Inc,77284465378,17995991313,6724041578,,3560671972,1099604531,1099604531,1352433310,2486149661,4794616911,2980552678,2360124896,3853831.141,2867330594
NOC,Northrop Grumman Corporation,77066351197,50763000000,32879000000,15390000000,13345000000,2307000000,2307000000,763000000,16289000000,8604000000,6122000000,5078000000,1432000000,1293000000
HON,Honeywell International Inc.,77032268759,77344000000,58487000000,28079000000,23194000000,8751000000,9196000000,7936000000,27019000000,14768000000,8913000000,5118000000,970000000,2976000000
AON,Aon plc,76481829824,53347000000,43637000000,,27226000000,1062000000,1267000000,2197000000,13677000000,15744000000,5898000000,3531000000,283000000,629000000
NSC,Norfolk Southern Corporation,75351613617,45122000000,28869000000,2801000000,3370000000,1069000000,1069000000,649000000,15967000000,4026000000,5437000000,3732000000,2101000000,1215000000
SNPS,Synopsys Inc.,74439499446,46889027000,16411962000,5405418000,3790632000,2415742000,2487708000,157640000,10684320000,5627731000,2579145000,2796464000,162669000,0
SPG,Simon Property Group Inc.,74380545096,39639081000,33302299000,,3965841000,542955000,542955000,4016565000,24965684000,3865993000,4766413000,4446969000,890541000,2792872000
SLB,SLB Limited,74139907006,55532000000,28278000000,20244000000,14066000000,2743000000,4071000000,1658000000,11140000000,6105000000,7485000000,6533000000,2021000000,1602000000
ORLY,OReilly Automotive Inc.,74045693620,17389116000,19224841000,7199632000,9574674000,262181000,262181000,452275000,9135158000,9989501000,4169744000,3289439000,1133180000,0
CI,The Cigna Group,73817769858,1.531E+11,1.1019E+11,46991000000,55562000000,6298000000,,2792000000,29086000000,,,10277000000,1164000000,1611000000
CL,Colgate-Palmolive Company,73057284709,16610000000,16124000000,6082000000,5934000000,1335000000,1419000000,36000000,7937000000,12490000000,5183000000,4345000000,578000000,1666000000
FDX,FedEx Corporation,72725055549,98937000000,67290000000,27903000000,18912000000,13311000000,13547000000,5101000000,37842000000,20622000000,10992000000,8925000000,3809000000,1374000000
APO,Apollo Global Management Inc. (New),72404834971,4.6753E+11,4.27997E+11,,3.85822E+11,23748000000,23906000000,500000000,13720000000,18537000000,7491000000,8429000000,0,1298000000
MSI,Motorola Solutions Inc.,72332573014,19080000000,16517000000,5870000000,5559000000,886000000,886000000,680000000,8909000000,5824000000,3505000000,2778000000,290000000,728000000
HLT,Hilton Worldwide Holdings Inc.,72131050830,16928000000,23198000000,,5076000000,1064000000,1064000000,624000000,13399000000,3470000000,3107000000,2109000000,170000000,143000000
KMI,Kinder Morgan Inc.,71658488077,74062000000,41183000000,2588000000,5647000000,119000000,119000000,2443000000,29805000000,6500000000,7779000000,6891000000,3254000000,2604000000
TDG,Transdigm Group Inc.,70161968892,25442000000,34836000000,8579000000,2440000000,3884000000,3884000000,853000000,31150000000,5476000000,4871000000,2105000000,255000000,9629000000
ET,Energy Transfer LP,70062000106,1.47482E+11,97493000000,22263000000,19043000000,951000000,971000000,220000000,70886000000,10672999759,15317999760,10690000000,6995000000,4725000000
MPWR,Monolithic Power Systems Inc.,70060858283,4686207000,790783000,2477386000,497934000,1005587000,1413761000,,,1849680000,,,,284797000
PCAR,PACCAR Inc.,69838095938,43980100000,23658800000,14552600000,6080800000,5574700000,8834300000,0,14696400000,4227800000,3712900000,4344700000,1381600000,2267100000
DLR,Digital Realty Trust Inc.,69754287923,54517914000,25652511000,,4682804000,1864796000,1864796000,,19844808000,1945849000,3307617000,,,1728466000
AEP,American Electric Power Company Inc.,69563828892,,,,,,,,,,,,,2008000000
BSX,Boston Scientific Corporation,69457373942,,,,,,,,,15219000000,,,,0
NU,Nu Holdings Ltd.,69220841606,77456407000,64864581000,35964457000,52251353000,,,37040631000,2344014000,,,8251699000,333501000,0
CVNA,Carvana Co.,68624920901,14552000000,9414000000,8006000000,2039000000,2743000000,3245000000,578000000,5239000000,4681000000,2510000000,1120000000,191000000,0
ALL,Allstate Corporation (The),67979720169,1.1555E+11,83963000000,19650000000,47609000000,697000000,,0,7491000000,,,11708000000,176000000,1153000000
URI,United Rentals Inc.,67175828836,31314000000,22090000000,3593000000,4703000000,112000000,112000000,1541000000,13844000000,6010000000,7449000000,5742000000,5110000000,464000000
WBD,Warner Bros. Discovery Inc. - Series A,65937693925,97837000000,64130000000,11741000000,16115000000,3134000000,3302000000,1759000000,30973000000,11488000000,7459000000,3558000000,1248000000,0
APD,Air Products and Chemicals Inc.,65666312695,40445600000,23849200000,4963500000,4575300000,980500000,980500000,896200000,17261100000,4046400000,4605400000,4570800000,4872200000,1584100000
TGT,Target Corporation,65626074109,58010000000,41615000000,18065000000,19384000000,990000000,3534000000,1509000000,17698000000,27286000000,8098000000,7003000000,3972000000,2053000000
HONA,Honeywell Aerospace Inc.,65512329768,21363000000,24817000000,9401000000,5813000000,1000000000,1000000000,0,15846000000,,,,,
GWW,W.W. Grainger Inc.,65258912301,9473000000,5130000000,5907000000,2199000000,695000000,695000000,73000000,2708000000,7195000000,3057000000,2108000000,729000000,467000000
SE,Sea Limited,65070354309,30590229000,17608848000,23935932000,15169013000,6255351000,12760814000,1647053000,1937345000,11153126000,2393154000,5325497000,,0
AFL,AFLAC Incorporated,64885394573,1.15814E+11,85853000000,9040000000,8597000000,5654000000,,374000000,7534000000,,,2934000000,0,1198000000
RSG,Republic Services Inc.,64778675346,34600000000,22619000000,2510000000,3740000000,118000000,118000000,596000000,13491000000,5057000000,5304000000,4498000000,1904000000,738000000
TFC,Truist Financial Corporation,64586379401,5.56023E+11,4.91928E+11,49007000000,2.61647E+11,,,26885000000,42976000000,,,,,2996000000
AJG,Arthur J. Gallagher & Co.,64075994343,81808000000,58061000000,,43173000000,1386000000,1386000000,1654000000,12452000000,14247100000,4025900000,,,667000000
CRH,CRH PLC,63485700557,58552000000,33017000000,15752000000,9977000000,3083000000,3083000000,2890000000,16923000000,14004000000,7702000000,5604454581,2684846366,996000000
HPE,Hewlett Packard Enterprise Company,63429346407,79512000000,54159000000,29263000000,26975000000,4357000000,5354000000,3009000000,18237000000,12210000000,5708000000,6358000000,2369000000,796000000
NKE,Nike Inc.,61876732697,38410000000,23545000000,24603000000,12547000000,7563000000,9027000000,2478000000,8555000000,20016000000,4818000000,2868000000,684000000,2407000000
MET,MetLife Inc.,61853576272,7.43211E+11,7.1541E+11,94949000000,18710000000,22687000000,,404000000,21025000000,,,16530000000,0,1703000000
FIX,Comfort Systems USA Inc.,60875276506,8487806000,5270537000,5788402000,4768764000,1854794000,1906394000,42091000,327818000,2815830000,2002696000,2546356000,390259000,68833000
D,Dominion Energy Inc.,60836812195,1.18578E+11,84870000000,8997000000,11574000000,487000000,487000000,6655000000,45110000000,9429000000,7439000000,5060000000,12469000000,2278000000
BE,Bloom Energy Corporation,60616671188,5628401000,3987730000,4521970000,1123187000,2667909000,2667909000,91165000,2721275000,971932000,402057000,740345000,113078000,947000
COR,Cencora Inc.,60574644318,81652100000,78067150000,53140911000,56132286000,2236262000,2236262000,202660000,12182860000,11383893000,5227351000,2276134000,718022000,437081000
PSA,Public Storage,60449882053,20117732000,10831920000,,,259936000,259936000,650070000,9530145000,2378032000,3401685000,3171916000,310591000,2303381000
BKR,Baker Hughes Company,60046856161,52620000000,32536000000,30583000000,14599000000,15727000000,17056000000,774000000,15479000000,6535000000,4888000000,4436000000,1308000000,910000000
O,Realty Income Corporation,59558295790,74554704000,33319035000,,3172840000,373543000,373543000,1976500000,29676065000,2946441000,5236912000,4081740000,135214000,2920895000
TEL,TE Connectivity plc,59549973538,26070000000,12677000000,8743000000,4660000000,1239000000,1239000000,102000000,5530000000,7121000000,5104000000,4418000000,1103000000,803000000
MPLX,MPLX LP,59311189172,42933000000,28636000000,3522000000,3192000000,1506000000,1506000000,1306000000,24828000000,5180000000,5978000000,6010000000,2116000000,4024000000
NUE,Nucor Corporation,58595471369,36954000000,13688000000,13156000000,5246000000,2478000000,2692000000,710000000,6389000000,5583000000,5679000000,4424000000,2841000000,512000000
F,Ford Motor Company,58540071880,2.85531E+11,2.49776E+11,1.17491E+11,1.07933E+11,18603000000,31334000000,51888000000,1.11408E+11,15033000000,9764000000,16947000000,9667000000,2989000000
TRGP,Targa Resources Inc.,58033271975,27107300000,23838300000,2438200000,3395900000,100100000,200700000,696900000,18434900000,4127600000,5339600000,3702500000,3440600000,818300000
SRE,DBA Sempra,57885791229,1.13518E+11,70790000000,36203000000,21439000000,796000000,796000000,5586000000,30847000000,4061000000,5847000000,4892000000,10737000000,1643000000
NXPI,NXP Semiconductors N.V.,57785941903,27113000000,15839000000,8152000000,3638000000,3708000000,3708000000,750000000,10974000000,6776000000,4121000000,3136340237,510822236.5,1025000000
TER,Teradyne Inc.,57558985285,4925617000,1452304000,2366022000,1113516000,349538000,354829000,17258000,82869000,2639360000,1512245000,1064951000,265019000,76313000
DAL,Delta Air Lines Inc.,57502551505,86321000000,64506000000,14236000000,33604000000,4751000000,4751000000,4311000000,15673000000,10900000000,8041000000,8134000000,4724000000,440000000
OKE,ONEOK Inc.,57223690731,68203000000,45715000000,5543000000,7811000000,172000000,172000000,2888000000,30764000000,6357000000,7476000000,5629000000,3387000000,2583000000
FANG,Diamondback Energy Inc.,57092540321,70080000000,27440000000,2704000000,4816000000,176000000,176000000,749000000,13149000000,5080000000,9895000000,8231000000,3514000000,1156000000
OXY,Occidental Petroleum Corporation,56763803365,80464000000,40904000000,11074000000,9153000000,3829000000,3829000000,807000000,15804000000,7577000000,11579000000,9665000000,6073000000,1594000000
GRMN,Garmin Ltd.,56656212119,11423891000,2394878000,6294939000,2083173000,2334235000,2666190000,0,177957000,4609058000,2311467000,1978944000,379103000,663885000
LITE,Lumentum Holdings Inc.,55544533396,7027900000,4054500000,4395700000,3865300000,2617800000,3172300000,3251100000,62600000,880000000,507800000,452400000,338400000,0
AME,AMETEK Inc.,55400656570,16309535000,5390238000,3137508000,2756136000,481250000,481250000,1175977000,1279657000,3087433000,2419302000,1835734000,132647000,285345000
LNG,Cheniere Energy Inc.,55231588458,46845000000,38173000000,4159000000,7272000000,1768000000,1768000000,2178000000,24229000000,6169000000,7765000000,5391000000,3191000000,451000000
CBRS,Cerebras Systems Inc.,55090468298,4948378000,2195681000,3580961000,1427246000,2745114000,3260719000,687524000,674091000,253514000,,,,0
FAST,Fastenal Company,54747114166,5293500000,1224600000,3685400000,881700000,204700000,204700000,177000000,264500000,3742200000,1954800000,1399200000,243300000,1004200000
KEYS,Keysight Technologies Inc.,54529295240,11738000000,5407000000,5042000000,2649000000,2428000000,2428000000,751000000,2008000000,3890000000,1701000000,1488000000,132000000,0
CAH,Cardinal Health Inc.,53874374868,56689000000,59361000000,38064000000,41989000000,3937000000,3937000000,671000000,8245000000,9150000000,4083000000,5009000000,617000000,494000000
ROK,Rockwell Automation Inc.,53420402048,11256000000,7680000000,4085000000,3745000000,423000000,423000000,1204000000,2850000000,4143000000,1526000000,1535000000,196000000,591000000
CIEN,Ciena Corporation,53372528587,6039449000,3147224000,3568164000,1308581000,1045126000,1202834000,29045000,1551535000,2254832000,785740000,1032759000,200112000,0
ALAB,Astera Labs Inc.,53347294761,1659215000,165267000,1412936000,125044000,148285000,1184474000,5695000,36155000,760991000,233427000,383400000,40591000,0
EA,Electronic Arts Inc.,52965273856,13131000000,6367000000,3973000000,3797000000,2864000000,2980000000,63000000,1791000000,5932000000,1533000000,2553000000,230000000,191000000
NDAQ,Nasdaq Inc.,52650079184,27341000000,15348000000,,4505000000,546000000,546000000,343000000,8974000000,4965000000,3329000000,2246000000,295000000,601000000
CTVA,Corteva Inc.,52642820619,41642000000,16239000000,16357000000,10789000000,2365000000,2365000000,3193000000,1682000000,8117000000,4240000000,1211000000,582000000,475000000
DVN,Devon Energy Corporation,52053078670,32543000000,17115000000,4762000000,4734000000,1815000000,1815000000,1102000000,7593000000,3922000000,7040000000,6462000000,4001000000,619000000
LHX,L3Harris Technologies Inc.,51614878351,42938000000,23056000000,10083000000,8517000000,1521000000,1521000000,1815000000,10152000000,5169000000,3737000000,3292000000,484000000,903000000
MDLN,Medline Inc.,51601670230,39014000000,19665000000,11180000000,2536000000,2238000000,2238000000,142000000,12495000000,6830000000,3170000000,1520000000,475000000,0
COHR,Coherent Corp.,51431622435,17286701000,6271015000,6445203000,2113444000,1634763000,2459763000,61455000,3363660000,2504086000,1334654000,140342000,678578000,11438000
FITB,Fifth Third Bancorp,51206604661,3.00122E+11,2.65699E+11,25611000000,2.0502E+11,,,4633000000,17636000000,,,,,1163000000
STT,State Street Corporation,50969418067,4.18381E+11,3.90113E+11,2.2005E+11,51256000000,,,4767000000,25704000000,,,-2631000000,2772000000,1120000000
CARR,Carrier Global Corporation,50951532270,37372000000,23900000000,9414000000,9231000000,1347000000,1347000000,1638000000,10756000000,5458000000,3097000000,2387000000,459000000,772000000
EBAY,eBay Inc.,50620438504,17893000000,13481000000,6259000000,5134000000,3455000000,4421000000,876000000,6326000000,8448000000,2888000000,2562000000,454000000,531000000
VST,Vistra Corp.,49967067787,41308000000,35698000000,9016000000,10059000000,671000000,671000000,2649000000,17264000000,2410000000,3624000000,4670000000,3909000000,498000000
EW,Edwards Lifesciences Corporation,49559103906,,,,,2900000000,2900000000,,600000000,5211400000,,,,0
ADSK,Autodesk Inc.,49416200257,11932000000,8743000000,4374000000,5240000000,2671000000,2924000000,53000000,2671000000,6442000000,1900000000,2781000000,87000000,0
ETR,Entergy Corporation,49277781252,79002618000,60109151000,7886977000,8998591000,118189000,3854045000,3079670000,31547652000,3893482000,5631583000,6074614000,9373143000,1092470000
AZO,AutoZone Inc.,49241354736,20916463000,23701015000,8931769000,10035313000,253729000,316220000,336340000,12294831000,10343338000,4264420000,3072342000,1439120000,0
WAB,Westinghouse Air Brake Technologies Corporation,49129406329,23128000000,11884000000,6041000000,5387000000,670000000,670000000,1695000000,5241000000,3862000000,2552000000,1999000000,285000000,173000000
AMP,Ameriprise Financial Inc.,49069428001,1.97871E+11,1.91505E+11,,3097000000,10248000000,10248000000,200000000,6332000000,10219000000,,,,596000000
PYPL,PayPal Holdings Inc.,48940918038,82737000000,62917000000,62346000000,48406000000,8306000000,11256000000,2652000000,11569000000,14031000000,7466000000,7475000000,889000000,130000000
XEL,Xcel Energy Inc.,48817884211,87165000000,63108000000,6082000000,8672000000,2010000000,2188000000,3616000000,37995000000,3795000000,6140000000,4771000000,12463000000,1282000000
CCEP,Coca-Cola Europacific Partners plc,48514600380,35083170400,25331712050,7139481550,8908203250,1078145100,1123948650,,12007576800,8236856456,4204266380,3239851012,1107940411,1046191760
XYZ,Block Inc.,48352725651,39986081000,18305053000,23766425000,11967110000,7479681000,7942292000,1913962000,6219429000,10843333000,4159881000,3411973000,153730000,0
NBIS,Nebius Group N.V.,47916757861,22303300000,15061400000,11238300000,1349000000,9298200000,9298200000,18400000,9477800000,65700000,5800000,,,0
CMG,Chipotle Mexican Grill Inc.,47743360375,8864585000,6664794000,940739000,1315080000,228199000,677857000,317002000,5102194000,2619610000,2305566000,2327527000,758542000,0
EXC,Exelon Corporation,46883398395,1.20505E+11,90807000000,9797000000,9008000000,2421000000,2421000000,2302000000,50703000000,6973000000,9023000000,7212000000,9128000000,1617000000
VIK,Viking Holdings Ltd,46556493102,13200336000,12133561000,5010119000,6435196000,4046703000,4046703000,204934000,5623868000,2582449000,1814261000,2530946000,1411491000,0
VTR,Ventas Inc.,46527742491,29655896000,14444263000,,145048000,223817000,223817000,731082000,12918999000,1155590000,2359523000,1846312000,404683000,860060000
BDX,Becton Dickinson and Company,45635006134,50832000000,26699000000,8012000000,8507000000,1015000000,1018000000,2573000000,14706000000,9997000000,5533000000,3828000000,759000000,1196000000
FERG,Ferguson Enterprises Inc.,45445453161,17789000000,11915000000,10165000000,5698000000,820000000,820000000,613000000,5468000000,9033000000,3012000000,2406095185,331364796.4,489000000
TTWO,Take-Two Interactive Software Inc.,45421286711,9383200000,5872300000,3199500000,2588800000,1558700000,2002500000,100100000,2858200000,3610200000,1195300000,624300000,190200000,0
ODFL,Old Dominion Freight Line Inc.,44118390531,5735521000,1188169000,1003995000,531381000,283939000,283939000,19997000,0,1809644000,1834765000,,,235641000
IDXX,IDEXX Laboratories Inc.,44101119655,3385497000,1829394000,1377212000,1299851000,200528000,200528000,706850000,398601000,2761275000,1557222000,1206353000,141984000,0
HUM,Humana Inc.,43692420944,57196000000,37919000000,40086000000,23007000000,6893000000,,2268000000,11979000000,,,2539000000,590000000,430000000
AXON,Axon Enterprise Inc.,42538553437,7066849000,3532736000,2744130000,1208297000,471121000,749173000,0,1828169000,1769672000,78129000,154028000,134521000,0
CBRE,CBRE Group Inc,42512554254,30471000000,21297000000,,11317000000,1639000000,1718000000,2759000000,8047000000,7306000000,1975000000,1361000000,423000000,0
PRU,Prudential Financial Inc.,42361758842,7.65396E+11,7.30469E+11,49148000000,21081000000,15993000000,,11921000000,22165000000,,,9785000000,0,1926000000
KDP,Keurig Dr Pepper Inc.,42340609620,73140000000,43958000000,23132000000,10025000000,18716000000,18716000000,4526000000,26877000000,8644000000,4249000000,1929000000,487000000,1250000000
YUM,Yum! Brands Inc.,42247215284,8682000000,15789000000,2541000000,4292000000,674000000,674000000,2813000000,9462000000,4130000000,2969000000,2083000000,404000000,789000000
FLEX,Flex Ltd.,41676813460,25198000000,19698000000,18237000000,13220000000,2840000000,2840000000,,5930000000,2719000000,2095000000,1562000000,736000000,0
AIG,American International Group Inc. New,41663605844,1.22644E+11,82215000000,25873000000,31092000000,1528000000,,28000000,9128000000,,,3525000000,0,976000000
MSCI,MSCI Inc.,41601845548,5602500000,8292000000,1436200000,1605700000,356400000,356400000,24900000,6519300000,2573223000,2076503000,1608089000,135637000,556521000
PAYX,Paychex Inc.,41557986172,16174500000,12439400000,8613300000,6840600000,1141000000,1177300000,22000000,4608300000,4716500000,3378300000,2556700000,277300000,1589600000
HEI,Heico Corporation,41462813614,9592213000,4200642000,2636476000,903582000,210335000,210335000,3402000,2583888000,2100446000,1347809000,997107000,71133000,31968000
SYY,Sysco Corporation,40760283247,27983000000,25686000000,13383000000,10068000000,1900000000,1900000000,1337000000,14044000000,15383000000,4565000000,2656000000,835000000,1000000000
LYV,Live Nation Entertainment Inc.,40522279164,28180826000,26361661000,14955649000,17563255000,9171649000,9171649000,2968381000,8314331000,6084051000,2251540000,2608702000,1233832000,0
MCHP,Microchip Technology Incorporated,40340092348,14370100000,7937700000,2377600000,1136300000,240300000,240300000,38800000,5603400000,2052500000,1219100000,962100000,201900000,1092500000
ED,Consolidated Edison Inc.,40114461810,74741000000,49145000000,6286000000,5286000000,147000000,147000000,1243000000,25934000000,10620000000,5312000000,4137000000,4782000000,1166000000
AU,AngloGold Ashanti PLC,40057193951,15705000000,5327000000,4791000000,1770000000,3178000000,3178000000,112000000,2174000000,6257000000,,5747908954,1746633847,1871000000
DHI,D.R. Horton Inc.,40014066776,36511300000,12104800000,29371600000,2809700000,2134900000,2134900000,,7183900000,7540900000,4142300000,3352600000,150400000,494800000
RVMD,Revolution Medicines Inc.,39868214901,2253737000,753820000,1967913000,289599000,440939000,1908084000,16610000,420662000,-17377000,-1369454000,-1057471000,14262000,0
JD,JD.com Inc.,39802053497,99262036420,58624822675,52786833039,44733360354,16700298196,31219854665,3071567123,12564922845,30146708899,1008097480,5223582713,,1443844333
WDAY,Workday Inc.,39603980153,16091000000,9408000000,6285000000,6535000000,568000000,4362000000,1129000000,2676000000,7465000000,1571000000,3178000000,206000000,0
ROP,Roper Technologies Inc.,39556576972,35169500000,16469200000,1918500000,3470500000,364900000,364900000,718300000,10601100000,5756900000,3238100000,2669100000,108100000,355000000
UAL,United Airlines Holdings Inc.,39381748128,84569000000,67872000000,21663000000,27764000000,10166000000,16637000000,2988000000,30680000000,16901000000,7254000000,8913000000,6369000000,0
CRWV,CoreWeave Inc.,39155584906,55573000000,50814000000,5609000000,17818000000,3021000000,3043000000,8057000000,27090000000,2168493000,2996019000,5980832000,16596641000,29000000
A,Agilent Technologies Inc.,39080110232,13065000000,5943000000,4763000000,2269000000,1807000000,1807000000,304000000,3051000000,3818000000,1936000000,1452000000,365000000,282000000
RKLB,Rocket Lab Corporation,38851802600,2819941000,555574000,1800362000,402345000,1205499000,1383351000,0,138670000,229487000,-175583000,-161628000,154673000,0
IQV,IQVIA Holdings Inc.,38684292342,29881000000,23580000000,6226000000,8815000000,1909000000,2080000000,2294000000,13947000000,4420000000,3545000000,2819000000,635000000,0
CRDO,Credo Technology Group Holding Ltd,38599058806,2295619000,232007000,2001070000,197091000,1164952000,1443286000,4831000,20617000,907949000,489198000,464292000,57296000,0
COIN,Coinbase Global Inc.,38533805860,26460286000,13380621000,,7218914000,8889880000,9064658000,539195000,6129095000,2892608000,-1547556000,1713665000,16009000,0
HIG,The Hartford Insurance Group Inc.,38439447657,80946000000,61313000000,12804000000,40109000000,203000000,,0,4374000000,,,5880000000,91000000,613000000
NTRA,Natera Inc.,38347350082,2614398000,840380000,1651813000,558257000,1087932000,1087932000,95128000,144953000,1619817000,-265876000,211020000,139510000,0
TYIDY,Toyota Industries Corporation,38312798492,70319561255,27258319190,51652844302,16738720221,3116644667,3260663775,4725136715,8234797913,6482245197,3616324530,2637211329,1355148917,280014706.9
PCG,Pacific Gas & Electric Co.,38277138954,1.45076E+11,1.10923E+11,15404000000,12667000000,1221000000,1221000000,2541000000,62162000000,5202000000,10289000000,8147000000,12410000000,317000000
PEG,Public Service Enterprise Group Incorporated,38211287309,57945000000,40642000000,4409000000,4550000000,407000000,407000000,1590000000,22809000000,3479000000,4948000000,3520000000,3337000000,1258000000
ADM,Archer-Daniels-Midland Company,38204695451,55598000000,32495000000,29994000000,22879000000,6112000000,6145000000,3172000000,7485000000,5342000000,2928000000,5944000000,1151000000,987000000
CCL,Carnival Corporation Ltd.,38089944044,52228000000,39244000000,4011000000,13434000000,2243000000,2243000000,1639000000,24531000000,7980000000,7326000000,6765000000,3594000000,0
WAT,Waters Corporation,37046502648,24531000000,9239000000,4064000000,2273000000,462000000,462000000,413000000,5157000000,1893236000,1107583000,366681000,126003000,0
KVUE,Kenvue Inc.,36940965731,26854000000,16246000000,5795000000,5896000000,1075000000,1075000000,1631000000,7171000000,8936000000,3506000000,2258000000,435000000,1581000000
RKT,Rocket Companies Inc.,36499643591,59439000000,36209000000,,5471000000,2973000000,2973000000,5471000000,26206000000,7922596000,2158127000,-1272995000,119995000,0
IRM,Iron Mountain Incorporated (Delaware),36393219747,21486815000,22361463000,,2657534000,250710000,250710000,548867000,19167759000,2926158000,2539334000,1481250000,2262664000,919388000
KMB,Kimberly-Clark Corporation,36284399165,17184000000,15248000000,5291000000,6903000000,542000000,542000000,609000000,6475000000,5948000000,3135000000,3195000000,1358000000,1660000000
STLD,Steel Dynamics Inc.,36012617020,17113399000,7750328000,7281035000,2287306000,567708000,567708000,1332000,4180810000,2979728000,2674441000,1571572000,616009000,291176000
BIDU,Baidu Inc.,35971399728,65077154686,22758171448,22478938074,12137604586,4419675169,17005008541,4186618801,9440085695,7624266523,2146573420,790683436.7,186646576.6,0
MTB,M&T Bank Corporation,35695548239,2.19261E+11,1.91315E+11,17438000000,52909000000,,,4614000000,13568000000,,,,,1045000000
WEC,WEC Energy Group Inc.,35640904619,52750400000,38177400000,2781800000,5208400000,50000000,50000000,3347600000,19632100000,3911400000,3938100000,3599600000,4947500000,1147800000
HSY,The Hershey Company,35507777520,13973052000,9410362000,3956241000,3352471000,791213000,791213000,976502000,4946810000,4613716000,2683331000,2656591000,502031000,1085296000
EME,EMCOR Group Inc.,35438009951,10157082000,6077138000,6671719000,5225140000,924411000,924411000,108169000,439859000,3612828000,1990424000,1289818000,118436000,45023000
EXPE,Expedia Group Inc.,35375173372,26459000000,24623000000,14153000000,19362000000,7789000000,8043000000,0,4706000000,12798000000,3225000000,4859000000,758000000,200000000
KR,Kroger Company (The),35374257720,50292000000,43814000000,14206000000,17970000000,2873000000,4098000000,1932000000,22260000000,31192000000,8578000000,6982000000,4104000000,885000000
ACGL,Arch Capital Group Ltd.,35124135010,71546000000,47516000000,14720000000,31691000000,1109000000,,,4286000000,,,6100000000,45000000,47000000
NTAP,NetApp Inc.,35027816011,10744000000,9393000000,5659000000,4021000000,2070000000,3584000000,42000000,2691000000,4887000000,1893000000,2067000000,198000000,413000000
VMC,Vulcan Materials Company (Holding Company),34800959700,16442000000,7953400000,2164000000,1231300000,288700000,288700000,451400000,4490700000,2232300000,2407700000,1804400000,777200000,259800000
TKO,TKO Group Holdings Inc.,34748670188,16022802000,7496295000,2816721000,2192046000,1726228000,1726228000,91232000,4873663000,2465076000,1568841000,1817442000,119646000,640735000
HBAN,Huntington Bancshares Incorporated,34427870032,2.83984E+11,2.51319E+11,17401000000,1.81373E+11,,,3111000000,18738000000,,,2657000000,379000000,1016000000
RJF,Raymond James Financial Inc.,33805759310,94200000000,,,,,,,,15546000000,,,,416000000
QSR,Restaurant Brands International Inc.,33778323942,24880000000,19589000000,2154000000,2178000000,1012000000,1012000000,286000000,15397000000,4658000000,2899000000,1726392551,259557017.4,1108000000
UI,Ubiquiti Inc.,33681750678,1715477000,513281000,1403540000,394100000,368658000,368658000,10917000,55966000,1424850000,1125369000,760501000,19518000,145153000
RPRX,Royalty Pharma plc,33648797726,19815415000,9878582000,1425811000,535682000,586395000,608295000,380000000,8576443000,,1661080000,2723173000,2149038000,378253000
EQT,EQT Corporation,33333746593,41320840000,12457443000,1177827000,1750279000,112863000,112863000,114959000,5540755000,4563469000,6717946000,6246145000,2481528000,389633000
NTRS,Northern Trust Corporation,33332751480,1.79297E+11,1.65896E+11,59964200000,38571700000,,,10371700000,5404500000,,,529300000,747200000,633400000
VG,Venture Global Inc.,33240709439,56300000000,43955000000,3219000000,3712000000,1934000000,1934000000,191000000,37400000000,6816000000,6161000000,6215000000,13080000000,465000000
VEEV,Veeva Systems Inc.,33102694935,9129558000,1825204000,8063261000,1701770000,1896580000,7312719000,13131000,89936000,2482510000,1038626000,1665183000,24972000,0
JBL,Jabil Inc.,33013170422,23819000000,22492000000,18158000000,18511000000,1360000000,1360000000,597000000,3295000000,3015000000,2385000000,1857000000,551000000,36000000
MSTR,Strategy Inc,32689753017,52562592000,7235609000,2668630000,495107000,1713684000,2449829000,39814000,6730963000,361565000,,,,381367000
IR,Ingersoll Rand Inc.,32629666687,18194100000,7951100000,4289100000,2654400000,1173500000,1173500000,699800000,4068700000,2986200000,2043700000,1349200000,129900000,31800000
CCI,Crown Castle Inc.,32503800908,21512000000,24782000000,,3290000000,1249000000,1249000000,2518000000,20886000000,2392000000,2689000000,2624000000,218000000,2080000000
CBOE,Cboe Global Markets Inc.,32466740369,11070600000,5697100000,,4493600000,963200000,2169400000,676100000,908500000,2471200000,1787200000,1052300000,75500000,284300000
ZTS,Zoetis Inc.,32402140789,15154000000,11921000000,6474000000,2053000000,1941000000,1941000000,0,9238000000,6697000000,4060000000,2718000000,582000000,889000000
CASY,Caseys General Stores Inc.,32231279511,9189229000,5237510000,1364012000,1350606000,522991000,522991000,115554000,2789521000,3871083000,1483615000,1377540000,655920000,83136000
DXCM,DexCom Inc.,32201098517,6455300000,3833900000,4086600000,2357700000,1105000000,1947000000,20700000,1377700000,3159000000,1403200000,1748700000,343700000,0
CQP,Cheniere Energy Partners LP,31899166509,17106000000,17028000000,1250000000,2983000000,301000000,301000000,1606000000,12612000000,3145000000,3724000000,3013000000,170000000,2064000000
BAP,Credicorp Ltd.,31859366851,79791905458,68146572124,17947339923,43977259418,,,3412628850,5866414267,,,1524879293,360764579.1,891924140.9
ON,ON Semiconductor Corporation,31761436651,12010800000,4690000000,5775600000,1185300000,2005100000,2405100000,31700000,3214100000,2222700000,1858900000,1396600000,215500000,0
WTW,Willis Towers Watson Public Limited Company,31726962663,30559000000,22789000000,,15245000000,1627000000,1680000000,866000000,6235000000,8208000000,2788000000,1923000000,234000000,358000000
LVS,Las Vegas Sands Corp.,31666109615,19909000000,19012000000,4297000000,4311000000,3376000000,3376000000,1568000000,13694000000,5135000000,4731000000,3723000000,1032000000,695000000
MLM,Martin Marietta Materials Inc.,31532503105,21305000000,9757000000,2446000000,1739000000,120000000,120000000,930000000,5415000000,1884000000,2063000000,1519000000,709000000,197000000
EXR,Extra Space Storage Inc,31275071056,29660493000,15483159000,,520329000,695171000,695171000,,14414204000,1192429000,2144767000,,,1374298000
ILMN,Illumina Inc.,31031630072,6650000000,3812000000,2834000000,1578000000,1040000000,1168000000,500000000,1945000000,3021000000,1220000000,1095000000,,0
TPR,Tapestry Inc.,30785554891,6466700000,5784300000,2717300000,1476000000,1046500000,1068600000,310300000,3612900000,5691300000,2010200000,1903100000,148100000,299300000
CNC,Centene Corporation,30736368673,83012000000,60355000000,46685000000,40759000000,24151000000,,75000000,16030000000,,,9749000000,798000000,0
GEHC,GE HealthCare Technologies Inc.,30723699714,37246000000,26029000000,10038000000,8302000000,2105000000,2105000000,133000000,10408000000,8372000000,3529000000,2101000000,522000000,64000000
KHC,The Kraft Heinz Company,30652349671,82046000000,39997000000,10681000000,8938000000,3473000000,4256000000,1910000000,19223000000,8360000000,5537000000,4748000000,803000000,1898000000
RMD,ResMed Inc.,30603998172,8784285000,2292374000,4064062000,1351210000,1660513000,1665988000,289161000,554008000,3363698000,2188245000,1889964000,153701000,310880000
TDY,Teledyne Technologies Incorporated,30389386848,15280400000,4361900000,3200600000,1467400000,340100000,340100000,100000,2026900000,2537700000,1580400000,1271300000,129200000,0
EL,Estee Lauder Companies Inc. (The),30354593343,19664000000,15671000000,7496000000,5911000000,3126000000,3126000000,903000000,8397000000,11094000000,2352000000,1798000000,513000000,618000000
AEE,Ameren Corporation,30334744787,51216000000,37400000000,2644000000,4978000000,12000000,12000000,2744000000,19064000000,2775000000,3859000000,3251000000,4701000000,768000000
CFG,Citizens Financial Group Inc.,30299491522,2.33836E+11,2.07653E+11,13867000000,1.42385E+11,,,1159000000,15190000000,,,,,888000000
BIIB,Biogen Inc.,29986672798,32086600000,13238600000,7305700000,3917100000,1285000000,1285000000,800000000,7555100000,6211200000,2726400000,2878800000,388800000,0
TWLO,Twilio Inc.,29952572590,9576805000,1792721000,3446819000,740325000,541976000,2346262000,32119000,1036012000,2540000000,451996000,965408000,65951000,0
DTE,DTE Energy Company,29521452219,56234000000,44080000000,4050000000,5049000000,84000000,84000000,1723000000,26117000000,2617000000,4035000000,3375000000,5306000000,871000000
SUNB,Sunbelt Rentals Holdings Inc.,29483428796,23227000000,15818000000,,2476000000,29000000,29000000,861000000,9757000000,,,,,464000000
CPNG,Coupang Inc.,29349300283,17399000000,13469000000,9363000000,9623000000,6391000000,6391000000,2229000000,3167000000,10122000000,655000000,1570319755,1284941350,0
VICI,VICI Properties Inc.,29013391922,48271220000,18668509000,,2284319000,288063000,288063000,1788487000,16055187000,4066116000,3639224000,2638275000,1301000,1853467000
ATO,Atmos Energy Corporation,28840407374,30380096000,15471446000,1262019000,1258488000,127108000,127108000,11253000,9617980000,2215155000,2512914000,1876044000,3867477000,553761000
FISV,Fiserv Inc.,28763722126,80548000000,54327000000,24782000000,23418000000,829000000,829000000,1447000000,27859000000,12252000000,8379000000,6059000000,1886000000,0
MTD,Mettler-Toledo International Inc.,28620025768,3670944000,3658121000,1347387000,1200501000,51383000,51383000,67290000,2044673000,2412192000,1305309000,975167000,111198000,0
FTI,TechnipFMC plc,28570977703,10368400000,7089300000,5898600000,5461000000,991800000,991800000,290300000,952400000,2348100000,1917400000,1859200000,287500000,82300000
ARES,Ares Management Corporation,28439621859,28394933000,20011654000,,5921865000,1438084000,1438084000,57995000,14089789000,5309716000,2238990000,28831000,65846000,1756688000
NRG,NRG Energy Inc.,28333372704,40053000000,35179000000,9922000000,11847000000,235000000,235000000,3413000000,19944000000,3551000000,2463000000,889000000,1245000000,411000000
LPLA,LPL Financial Holdings Inc.,28289937553,19791120000,14034280000,,4049141000,2928746000,2928746000,,7460510000,5540504000,3169086000,,,94411000
EIX,Edison International,28232332971,96171000000,77078000000,7345000000,11092000000,242000000,242000000,5439000000,38101000000,6627000000,9140000000,6391000000,6780000000,1378000000
ZM,Zoom Communications Inc.,28170820665,12162017000,2190869000,8449886000,2031525000,930879000,7760916000,28289000,31923000,3818139000,1322810000,2021397000,60664000,0
DG,Dollar General Corporation,28025532536,31699653000,22856369000,8467476000,7243019000,1353113000,1353113000,1566660000,14231741000,12214516000,3330428000,3503046000,1301839000,519510000
FE,FirstEnergy Corp.,27954095634,58221000000,43795000000,3205000000,5928000000,191000000,191000000,1881000000,27102000000,4326000000,3939000000,3118000000,5082000000,1016000000
TPL,Texas Pacific Land Corporation,27767724528,1751453000,195507000,,102925000,249205000,249205000,0,15844000,717701000,689051000,546126000,57913000,147798000
CNP,CenterPoint Energy Inc (Holding Co),27692603966,48250000000,36530000000,5454000000,4857000000,71000000,475000000,2187000000,22906000000,2825000000,3901000000,2576000000,5271000000,574000000
DOV,Dover Corporation,27558266605,13694216000,5990212000,4951815000,2502576000,1755971000,1755971000,681792000,2578196000,3375955000,1915530000,1390406000,218730000,283007000
Q,Qnity Electronics Inc.,27461117532,14063000000,6602000000,2682000000,1263000000,857000000,857000000,67000000,4466000000,2078000000,1441000000,1201000000,303000000,13000000
ALNY,Alnylam Pharmaceuticals Inc.,27439503482,5558769000,4204651000,4620172000,1512513000,1708318000,3308147000,304503000,2682986000,3826732000,1054538000,885892000,91947000,0
GFS,GlobalFoundries Inc.,27429552940,16897000000,4953000000,6036000000,2329000000,1849000000,3003000000,150000000,1574000000,1786000000,2099000000,1942000000,868000000,0
OTIS,Otis Worldwide Corporation,27389160092,11156000000,16610000000,6839000000,8225000000,849000000,849000000,1390000000,7456000000,4509000000,2502000000,1871000000,159000000,647000000
XYL,Xylem Inc.,27310952843,17342000000,6676000000,4394000000,2724000000,1276000000,1276000000,660000000,2395000000,3563000000,1966000000,1301000000,378000000,391000000
CINF,Cincinnati Financial Corporation,27269977943,42474000000,25803000000,6685000000,11863000000,1750000000,,17000000,859000000,,,3417000000,17000000,525000000
MDB,MongoDB Inc.,27144168326,3692691000,757731000,2929724000,618179000,1036354000,2427153000,15944000,42691000,1865171000,-71348000,596850000,5668000,0
RDDT,Reddit Inc.,27080244962,3636605000,350905000,3541665000,337749000,1486838000,2786357000,7783000,13084000,2528771000,801517000,1026095000,7446000,0
AMRZ,Amrize Ltd,27034315066,24269000000,11181000000,4284000000,3054000000,1099000000,1099000000,1358000000,5740000000,3011000000,2762000000,2168000000,849000000,0
WRB,W.R. Berkley Corporation,27004953230,45677113000,,2426400000,23182240000,2426400000,,,2840332000,,,,,700269000
CPRT,Copart Inc.,26959632050,9649036000,857591000,5098694000,685259000,3354142000,4199712000,15825000,77291000,2085190000,1918296000,1685427000,346194000,0
WSM,Williams-Sonoma Inc.,26923941270,5059548000,3189744000,2345712000,1762772000,651601000,651601000,215150000,1278414000,3630668000,1649289000,1351076000,258873000,316484000
ES,Eversource Energy (D/B/A),26923567089,,,,,,,,,4256571000,5405125000,,,1100593000
HAL,Halliburton Company,26868453950,25828000000,14776000000,11882000000,5887000000,2048000000,2048000000,377000000,7822000000,3373000000,4105000000,2750000000,1025000000,579000000
CW,Curtiss-Wright Corporation,26745403127,5270081000,2638236000,2071667000,1360159000,343447000,343447000,200000000,948383000,1340553000,790314000,676512000,85751000,34727000
AWK,American Water Works Company Inc.,26663467931,36453000000,24788000000,1709000000,3269000000,209000000,245000000,1945000000,14116000000,2314000000,2895000000,2334000000,3329000000,633000000
PPL,PPL Corporation,26490258707,46304000000,31285000000,4321000000,4307000000,1251000000,1251000000,1214000000,19024000000,2625000000,3664000000,2673000000,4295000000,794000000
RF,Regions Financial Corporation,26412098255,1.61299E+11,1.42388E+11,10440000000,67975000000,,,3000000000,4628000000,,,,,1003000000
AVB,AvalonBay Communities Inc.,26368441364,22300351000,10071693000,,1716326000,246118000,246118000,1217758000,7972184000,1004502000,1841135000,1668142000,291607000,992333000
VRSN,VeriSign Inc.,26188805658,1802800000,4056900000,1122300000,1899100000,840900000,1034100000,555200000,1785100000,1510900000,1186000000,1101300000,35200000,215200000
SYM,Symbotic Inc.,25946527769,3495455000,2467790000,2878729000,2021538000,2009435000,2009435000,8039000,19886000,484202000,33150000,845218000,96533000,0
CRS,Carpenter Technology Corporation,25819624551,3838300000,1610700000,1981200000,520000000,393300000,393300000,,690700000,1066000000,850700000,605000000,242700000,40300000
DGX,Quest Diagnostics Incorporated,25718096874,16939000000,9040000000,2844000000,1788000000,626000000,626000000,190000000,6193000000,3684000000,2263000000,1903000000,554000000,353000000
P,Everpure Inc.,25651688212,4749947000,3307809000,2906517000,1886411000,840394000,1507349000,45366000,185595000,2765132000,321924000,774233000,260412000,0
TEAM,Atlassian Corporation,25634361482,5650923000,4771895000,2293520000,3323055000,1136342000,1136342000,48197000,1194821000,5230979000,188562000,1317463528,46656478.53,0
ATI,ATI Inc.,25580016253,5234100000,3347800000,2804600000,1049500000,401700000,401700000,33200000,1794700000,1042900000,850700000,835000000,282500000,0
JBHT,J.B. Hunt Transport Services Inc.,25521384103,7944778000,4287663000,1813346000,1444663000,4162000,4162000,0,1145337000,1333536000,1682049000,1595293000,495571000,171048000
RBLX,Roblox Corporation,25488843545,9745000000,9616000000,3651000000,5520000000,991000000,3014000000,158000000,1678000000,1459392000,-936871000,2100182000,460503000,0
VRSK,Verisk Analytics Inc.,25360901487,4495900000,5684900000,1122400000,1116300000,551400000,552200000,282800000,4334300000,1874700000,1731300000,1503200000,266700000,251100000
LH,Labcorp Holdings Inc.,25354399902,18532300000,9909100000,3814900000,2124600000,141800000,141800000,185900000,6580200000,3848300000,2325400000,1638400000,483200000,240700000
FCNCA,First Citizens BancShares Inc.,25024496057,2.36842E+11,2.14942E+11,23481000000,1.09708E+11,,,152000000,32036000000,,,,,161000000
CPAY,Corpay Inc.,24975441253,26664790000,22801288000,14637109000,14989277000,8816327000,8816327000,3753770000,6606870000,3482914000,2597803000,1517432000,207077000,0
HUBB,Hubbell Inc,24966030668,11846200000,7923200000,3010300000,1870500000,378600000,394700000,615900000,4940700000,2199400000,1537800000,1068200000,166800000,286600000
HPQ,HP Inc.,24939034735,42936000000,43080000000,23984000000,30206000000,3703000000,3703000000,1222000000,9642000000,11712000000,5176000000,4594000000,815000000,1088000000
CTSH,Cognizant Technology Solutions Corporation,24932087450,20825000000,6363000000,7559000000,3464000000,708000000,1051000000,178000000,1916000000,6635000000,4046000000,2917000000,319000000,610000000
EQR,Equity Residential,24913480525,20275577000,9388998000,,546212000,36405000,36405000,0,8261669000,971979000,1916438000,1571227000,363517000,1047669000
NVT,nVent Electric plc,24877458729,6961600000,3165100000,1788300000,1055000000,190000000,190000000,45800000,1651600000,1601000000,924600000,490200000,108300000,130400000
OKTA,Okta Inc.,24668478184,9347000000,2448000000,3136000000,2312000000,763000000,2590000000,350000000,61000000,2320000000,261000000,920000000,24000000,0
SYF,Synchrony Financial,24659856107,1.2193E+11,1.05033E+11,,4350000000,16193000000,16193000000,4350000000,12082000000,15433000000,10931000000,9694000000,0,510000000
PPG,PPG Industries Inc.,24568596070,22534000000,13944000000,8261000000,5229000000,1520000000,1594000000,826000000,6633000000,6151000000,2737000000,2164000000,757000000,628000000
TSEM,Tower Semiconductor Ltd.,24549577649,3700620000,726520000,2028941000,360363000,243309000,1498548000,25108000,130748000,401634000,496689000,835495250.5,516314201.4,0
ROIV,Roivant Sciences Ltd.,24496796263,5728045000,435633000,5167384000,281244000,1423090000,4295691000,11147000,96291000,3627000,-1281955000,-750349000,8209000,0
ZS,Zscaler Inc.,24450481394,7098079000,4731484000,4457479000,2500942000,982112000,3539107000,66751000,1794433000,2421046000,27998000,1100289000,210673000,0
DLTR,Dollar Tree Inc.,24446531122,13823800000,10316800000,3698400000,3184400000,1007300000,1007300000,1005200000,6588100000,7248900000,2340300000,2695000000,1136700000,0
KEY,KeyCorp,24382938514,1.91317E+11,1.71519E+11,15516000000,34578000000,,,3685000000,10967000000,,,,,1054000000
ECHO,EchoStar Corporation,24370414806,41375692000,35698289000,3549440000,11765754000,1343780000,1516103000,7285194000,22000878000,2811112000,1587502000,-67845000,840738000,0
PFG,Principal Financial Group Inc,24343697459,3.3396E+11,3.21071E+11,11529700000,28512300000,5259500000,,16200000,4324400000,,,5012000000,159800000,684000000
FWONA,Liberty Media Corporation - Series A Liberty Formula One,24264071887,15892000000,7487000000,1957000000,1453000000,1332000000,1332000000,53000000,4968000000,1259000000,1163000000,836000000,106000000,0
FICO,Fair Isaac Corporation,24253497309,2037373000,6134508000,881563000,745191000,248444000,248444000,300000000,5298010000,2036922000,1263364000,1001549000,40671000,0
INCY,Incyte Corporation,24226435126,7872647000,1528220000,6026572000,1312096000,3982375000,4535740000,9847000,28420000,5320191000,1938033000,1979703000,89237000,0
SW,Smurfit WestRock plc,24034510146,45201000000,27141000000,10818000000,7476000000,677000000,677000000,931000000,13233000000,5618000000,4544000000,3359913088,2309388329,900000000
WST,West Pharmaceutical Services Inc.,23995319873,4076400000,1086200000,1807500000,640500000,435800000,435800000,22300000,294200000,1225100000,912400000,662200000,225300000,61200000
AFRM,Affirm Holdings Inc.,23948597642,13141580000,9358170000,,208904000,2474305000,2968077000,3782000,8908692000,2812593000,1780171000,1010451000,222594000,0
TROW,T. Rowe Price Group Inc.,23944294185,14393000000,2517600000,,1944500000,3729800000,3729800000,0,459600000,5873300000,3065700000,2952100000,254200000,1143000000
L,Loews Corporation,23871247766,85652000000,66061000000,18504000000,27140000000,843000000,,1000000,8933000000,,,3466000000,685000000,52000000
AER,AerCap Holdings N.V.,23794679187,71183812000,52774232000,3686085000,5416347000,1799419000,1799419000,,42773528000,4436539000,6509373000,5673169754,5990256883,192437000
TW,Tradeweb Markets Inc.,23720615483,8250843000,912689000,2435265000,391187000,2058929000,2058929000,0,150337000,1959853000,1208932000,1196188000,120558000,102344000
PHM,PulteGroup Inc.,23707124398,18263190000,5249459000,15092759000,2857003952,1377342000,1377342000,495311952,1932869048,4108161000,2664476000,1656150000,113875000,176684000
XPO,XPO Inc.,23595883186,8333000000,6372000000,1814000000,1794000000,298000000,298000000,329000000,3659000000,1093000000,1375000000,1091000000,500000000,0
BRO,Brown & Brown Inc.,23556569663,29887000000,17279000000,,7713000000,918000000,918000000,472000000,7594000000,6287000000,2506000000,1520000000,74000000,193000000
BNTX,BioNTech SE,23480303248,24281578020,2737972860,17895739960,2033633000,11452176680,16864290520,65329740,283556420,2391665183,-383902860,845725132.5,-385703218.8,0
CHD,Church & Dwight Company Inc.,23412397537,9006500000,4820500000,1720700000,1413400000,503400000,503400000,24600000,2352800000,2671000000,1287600000,1204500000,137800000,287200000
MKL,Markel Group Inc.,23322114683,51539465000,32068008000,12761457000,18037568000,4068044000,,0,4367740000,,,2325449000,207133000,18000000
DRI,Darden Restaurants Inc.,23223993760,14653700000,12446200000,942900000,3005400000,227600000,227600000,928900000,7081700000,2302200000,2169000000,1853100000,760400000,693000000
BURL,Burlington Stores Inc.,23192944711,9777194000,7940627000,2505157000,2152448000,747355000,747355000,457677000,5413870000,4812020000,1312375000,1321756000,938832000,0
FIS,Fidelity National Information Services Inc.,23140679563,43484000000,27504000000,4981000000,8471000000,755000000,755000000,4355000000,16791000000,4164000000,4791000000,2948000000,1017000000,847000000
FOX,Fox Corporation,23092356563,21783000000,10623000000,7538000000,2603000000,3601000000,3601000000,45000000,7529000000,5568000000,3649000000,2616000000,480000000,277000000
GPN,Global Payments Inc.,22999535463,64254841000,39580260000,11674225000,14746974000,6124486000,6124486000,2592639000,20984465000,5944404000,4075773000,1812647000,751528000,238521000
VLTO,Veralto Corp,22958019568,8558000000,5460000000,3652000000,2057000000,2119000000,2119000000,700000000,2679000000,3380000000,1388000000,1103000000,56000000,109000000
SN,SharkNinja Inc.,22893750590,5018262000,2255172000,3261723000,1372458000,511774000,511774000,39344000,821522000,3203548000,1094450000,532708000,161324000,0
ASTS,AST SpaceMobile Inc.,22891585858,6051141000,3390313000,3152599000,170700000,3030464000,3030464000,11274000,2980134000,-190503000,-316394000,-91029000,1279945000,0
FFIV,F5 Inc.,22712696133,6829074000,2973345000,2946973000,1770166000,1605782000,1605782000,,218700000,2794504000,1029975000,1049441000,79846000,0
FSLR,First Solar Inc.,22675882275,13388598000,3068260000,5317215000,2111816000,1688279000,1726964000,52005000,142005000,2366483000,2455399000,2155743000,655624000,0
RL,Ralph Lauren Corporation,22643569043,7739500000,4898100000,3876000000,1826500000,1989400000,2066400000,232400000,2777000000,5450400000,1544500000,1154200000,449300000,216500000
CMS,CMS Energy Corporation,22574417387,40905000000,30506000000,2866000000,3063000000,345000000,345000000,870000000,18431000000,2203000000,3020000000,2148000000,4058000000,663000000
BSP,Bending Spoons S.p.A.,22359721240,6982872000,5920182000,1236144000,1576592000,740823000,740823000,435776000,3989048000,,,,,0
ARXS,Arxis Inc.,22281176030,7006652000,2539094000,1235323000,236982000,494693000,494693000,11210000,1772160000,,,,,0
STE,STERIS plc (Ireland),22259334701,10737200000,3540000000,2394600000,1145000000,439600000,439600000,154700000,1932400000,2660900000,1633100000,1341400000,369000000,241800000
STZ,Constellation Brands Inc.,22240139570,22108700000,13558900000,3041000000,3329000000,96600000,96600000,1438900000,9094900000,4616600000,3187300000,2693600000,859400000,715700000
USFD,US Foods Holding Corp.,22152096362,14164000000,9831000000,4360000000,3819000000,49000000,49000000,300000000,5025000000,6903000000,1783000000,1272000000,424000000,0
ULTA,Ulta Beauty Inc.,22046207639,6895245000,4314290000,3021604000,2304079000,166300000,221300000,454475000,1847968000,4998625000,1908266000,1543890000,414074000,0
RIVN,Rivian Automotive Inc.,22028951160,15140000000,10013000000,7618000000,3620000000,3592000000,5310000000,117000000,5236000000,121000000,-2721000000,-1845000000,1644000000,0
LUV,Southwest Airlines Company,21999691609,30122000000,23040000000,6482000000,13268000000,3391000000,3791000000,2439000000,4450000000,5680000000,2866000000,2528000000,2985000000,399000000
UTHR,United Therapeutics Corporation,21975099680,6714200000,813100000,2872000000,599100000,1074200000,2153700000,0,0,2744500000,1547200000,1563300000,551900000,0
EXPD,Expeditors International of Washington Inc.,21958523385,4781680000,2495055000,3472533000,2041394000,1316497000,1316497000,113803000,451178000,1743622000,1145789000,973113000,52561000,207437000
PKG,Packaging Corporation of America,21904012072,,,,,,666800000,,,1917200000,1992400000,,,449600000
DOW,Dow Inc.,21879699860,61585000000,44218000000,20871000000,11931000000,4104000000,4547000000,1185000000,18243000000,3899000000,4281000000,3866000000,2267000000,1490000000
IOT,Samsara Inc.,21784816147,2614070000,1106480000,1241629000,912132000,222245000,807578000,12053000,56967000,1319514000,160917000,265011000,30082000,0
EXE,Expand Energy Corporation,21768300395,28030000000,8620000000,2842000000,2965000000,764000000,1366000000,43000000,3685000000,6131000000,5644000000,5654000000,3178000000,765000000
MRNA,Moderna Inc.,21751821805,11488000000,4080000000,5770000000,2395000000,1908000000,5205000000,50000000,1248000000,257000000,-3177000000,-1466000000,137000000,0
IP,International Paper Company,21620181051,36521000000,22066000000,8244000000,7506000000,,726000000,1002000000,8686000000,4563000000,2875000000,2647000000,2155000000,977000000
OMC,Omnicom Group Inc.,21591028617,49903000000,39312000000,23217400000,25135300000,3336200000,3336200000,48800000,11362400000,3803200000,3690700000,2582500000,193300000,549600000
ROKU,Roku Inc.,21511097204,4352634000,1681570000,3367474000,1158230000,1649877000,2380219000,88412000,412705000,2194315000,432024000,417784000,6483000,0
WWD,Woodward Inc.,21494516325,5196401000,2722607000,2338558000,1421202000,474851000,474851000,729633000,635845000,1235375000,784306000,585255000,208728000,64975000
GH,Guardant Health Inc.,21479861018,1912294000,2135161000,1364639000,338962000,1053469000,1053469000,27758000,1669255000,769158000,-431278000,-173000000,55537000,0
INSM,Insmed Incorporated,21371791777,2075863000,1371011000,1613173000,361008000,582188000,1223514000,14426000,734009000,663665000,-946220000,-895664000,55971000,0
NI,NiSource Inc,21301485267,36601000000,24673500000,2409000000,3726800000,97100000,97100000,1307800000,15458900000,4018700000,3092700000,2118200000,2950200000,530400000
SNA,Snap-On Incorporated,21229328024,8640900000,2574600000,4523700000,1317900000,1644700000,1644700000,346800000,963200000,2733700000,1442200000,1186200000,77700000,462200000
FTAI,FTAI Aviation Ltd.,21132091751,4489162000,4085175000,2541096000,481210000,337195000,337195000,,3453320000,791120000,994404000,,,145448000
FDXF,FedEx Freight Holding Company Inc.,21009973111,3683000000,3686000000,3683000000,22000000,3680000000,3680000000,0,3664000000,,,,,
SOFI,SoFi Technologies Inc.,20921508278,60947548000,49871321000,,923024000,3565559000,3565559000,,3405137000,3591596000,1434842000,,,0
MTZ,MasTec Inc.,20789781895,10925494000,7325511000,4938819000,3528949000,315641000,315641000,347563000,2887888000,1619175000,1300418000,582025000,337221000,0
AMCR,Amcor plc,20750074488,37582000000,25920000000,9828000000,6812000000,1587000000,1587000000,653000000,16053000000,3707000000,3204000000,1687477376,941207168,845000000
RS,Reliance Inc.,20733253805,11165200000,3754000000,4923400000,1145900000,235400000,235400000,67300000,1927900000,4180200000,1524000000,851500000,312000000,254700000
VTRS,Viatris Inc.,20609856306,36834600000,22176900000,10352800000,6810300000,1805700000,2260900000,2032800000,12580700000,5667100000,4121300000,2168700000,525600000,561200000
AS,Amer Sports Inc.,20534430379,10010600000,3255000000,3318300000,1994000000,683700000,683700000,309900000,691100000,4098600000,1225700000,,,0
THC,Tenet Healthcare Corporation,20514629757,30676000000,21976000000,7827000000,5567000000,2170000000,2170000000,160000000,13088000000,3592000000,4485000000,4015000000,992000000,0
SNX,TD SYNNEX Corporation,20445451433,38506013000,29555654000,29588909000,24673025000,1094181000,1094181000,1125798000,3594171000,4495310000,2215326000,545042000,170483000,146381000
BG,Bunge Limited,20408814629,46782000000,29372000000,26215000000,16734000000,596000000,836000000,6335000000,10522000000,4467000000,2975000000,1077000000,1786000000,459000000
EFX,Equifax Inc.,20280244247,11981800000,7461900000,1581300000,2625500000,170100000,170100000,1410300000,4056800000,2838900000,1939900000,1612400000,507400000,232800000
IFF,International Flavors & Fragrances Inc.,20225141494,25144000000,10991000000,5437000000,3645000000,562000000,562000000,1172000000,5263000000,3351000000,2020000000,980000000,582000000,409000000
MKSI,MKS Inc.,20091002431,8728000000,5917000000,2545000000,2291000000,569000000,569000000,1398000000,2894000000,1653000000,956000000,535000000,155000000,59000000
LYB,LyondellBasell Industries NV,20038479311,33958000000,23793000000,11057000000,7188000000,2639000000,2639000000,1693000000,12559000000,2970000000,2621000000,2572000000,1664000000,1764000000
TSN,Tyson Foods Inc.,20003648151,35165000000,16964000000,8874000000,4848000000,500000000,500000000,141000000,7942000000,3670000000,3030000000,2138000000,911000000,697000000
LEN,Lennar Corporation,19778251032,33701455000,11935729000,16231844000,3539710000,2144574000,2144574000,442105000,5802903000,5356431000,2095377000,1122865000,166218000,520959000
